Vendor Type,Account Type,Vendor Name,Vendor Address,Vendor State,Vendor City,Vendor Pin,Vendor Contact Type,Vendor Phone,Vendor Email,Vendor Contact Person,Vendor Contact Person Phone,Vendor Registration Status,Vendor GST No.,Vendor PAN No.,Status,Actions
Customer,Debtor,A1,"22,SRIMANTA DEY LANE KOL-700012",41,5583,700072,M,1222222222,,ANIRBAN BARMAN,45666666,U,,,Active,
Customer,Debtor,A2,"DTRTI,KOLKATA ,110 SHANTIPALLY,EMBYPASS",41,5583,700107,M,9845623028,,,,U,,,Active,
Customer,Debtor,A3,"48, DHIRENDRA NATH GHOSH ROAD KOLKATA",41,5583,700072,M,1111111111,,ERT,123,R,19ARCPP8121G1ZQ,,Active,
Customer,Debtor,A4,"24,Indra Biswas Road,Belgachia Kolkata-700037",41,5583,700072,L,9836933095,,Kl,,R,19AAPFA6964J1ZQ,,Active,
Customer,Debtor,A5,,41,5583,700072,M,9874523215,,,,U,,,Active,
